insert into employee(employeeId, employeeName , employeeAddress,employeeEmail) values('1','Jackie','USA','jack@gmail.com');
INSERT INTO user_table(user_id, first_name, last_name, email, password) VALUES ('1','Anne','Smith','anjaney1493@gmail.com','12345678');
INSERT INTO user_table(user_id, first_name, last_name, email, password) VALUES ('2','John','Doe','arai@ee.iitr.ac.in','12345678');
INSERT INTO user_table(user_id, first_name, last_name, email, password) VALUES ('3','Naman','Mathur','entitylever@gmail.com','12345678');
INSERT INTO user_table(user_id, first_name, last_name, email, password) VALUES ('4','Entity','Smith','entity@gmail.com','12345678');
INSERT INTO user_table(user_id, first_name, last_name, email, password) VALUES ('5','PArv','Singh','regaltoss@gmail.com','12345678');
INSERT INTO user_table(user_id, first_name, last_name, email, password) VALUES ('6','Aman','Jain','aman@gmail.com','12345678');
INSERT INTO team(team_id,team_name,team_email) VALUES ('1','Godlike','anjaney1493@gmail.com');
INSERT INTO team(team_id,team_name,team_email) VALUES ('2','Soul','arai@ee.iitr.ac.in');
INSERT INTO team(team_id,team_name,team_email) VALUES ('3','Liquid','entitylever@gmail.com');
INSERT INTO product(id,name,description) VALUES ('1','Product 1','Best In The World');
INSERT INTO product(id,name,description) VALUES ('2','Product 2','No Description Needed');
INSERT INTO product(id,name,description) VALUES ('3','Product 3','Just Go For it');
INSERT INTO user_link_team(id,team_id,user_id) VALUES ('1','1','1');
INSERT INTO user_link_team(id,team_id,user_id) VALUES ('2','1','6');
INSERT INTO user_link_team(id,team_id,user_id) VALUES ('3','2','2');
INSERT INTO user_link_team(id,team_id,user_id) VALUES ('4','2','5');
INSERT INTO user_link_team(id,team_id,user_id) VALUES ('5','3','3');
INSERT INTO user_link_team(id,team_id,user_id) VALUES ('6','3','4');






